{"hac": {"sc": [0.4393430648225487, 0.3396768414827199, 0.2745851480065932, 0.2571215036290461, 0.2272581547101889, 0.18788443484162393, 0.17980626203927963, 0.1753497038206852, 0.16544255801290997, 0.1471012577701615, 0.12947094328060268, 0.12419956011568772, 0.11218510102282239, 0.1110283930562766, 0.09032545702046581, 0.08931933759711708, 0.08600379617892344, 0.04867566053255232, 0.042824318182471725], "ari": [-6.916941853105549e-05, -4.505155075895396e-06, -0.0003392383517999305, -0.0004132796937534903, -0.00048378055113367836, 0.000619850815242831, 0.0006200167762864865, 0.0006118479218551299, 0.00044377793831916864, 0.0005190738212383695, 0.0005188199932583051, 0.000517664664019198, 0.0007117456206572007, 0.0007106067233167502, 0.0007106902780848952, 0.0007110590030556006, 0.0007111007806255034, 0.002197881861570393, 0.002197476493237131], "clusters_size": [[4199, 1], [4198, 1, 1], [4179, 19, 1, 1], [4175, 4, 1, 1, 19], [4174, 4, 1, 1, 19, 1], [4, 19, 11, 1, 4163, 1, 1], [19, 4163, 11, 2, 2, 1, 1, 1], [4163, 6, 11, 13, 2, 1, 1, 1, 2], [4160, 6, 11, 13, 3, 1, 1, 1, 2, 2], [8, 6, 11, 13, 4152, 1, 1, 1, 2, 2, 3], [6, 4152, 11, 13, 3, 1, 1, 1, 2, 2, 7, 1], [4152, 13, 11, 5, 3, 1, 1, 1, 2, 2, 7, 1, 1], [13, 3, 6, 5, 2, 1, 11, 1, 2, 4146, 7, 1, 1, 1], [3, 12, 6, 5, 2, 1, 11, 1, 2, 4146, 7, 1, 1, 1, 1], [12, 2, 6, 5, 4146, 1, 11, 1, 2, 2, 7, 1, 1, 1, 1, 1], [2, 4146, 6, 7, 7, 1, 11, 5, 2, 2, 5, 1, 1, 1, 1, 1, 1], [4146, 7, 6, 7, 5, 1, 11, 5, 2, 2, 1, 1, 1, 1, 1, 1, 1, 1], [7, 5, 6, 7, 4118, 1, 11, 5, 28, 2, 1, 1, 1, 1, 1, 1, 1, 1, 2], [5, 4118, 6, 7, 2, 1, 11, 5, 28, 5, 1, 1, 1, 1, 1, 1, 1, 1, 2, 2]], "mse": [0.06020389475328643, 0.06015495054311466, 0.05971274638555248, 0.059607135252256686, 0.059567287935569084, 0.059196483150394025, 0.0591627151606936, 0.05908447404744067, 0.05901528778406428, 0.058858173748932645, 0.0588289624880142, 0.05880101429915455, 0.05867079454938959, 0.05864576975200941, 0.05862168900445705, 0.05856614495005185, 0.058546778056056896, 0.058082036171393486, 0.05804633271480211], "nmi": [0.005504522300450435, 0.009834206547922632, 0.02140052078196241, 0.02183042399840334, 0.022507385737580543, 0.036070449517332015, 0.03775391000657157, 0.03882706948552982, 0.039011305200738915, 0.0415005791296849, 0.04196296345722684, 0.04180542608643811, 0.04512714499851563, 0.045285708446594526, 0.046208475628107294, 0.04876848420265767, 0.0494259104449821, 0.06192756728491289, 0.06257775555455528]}, "kmeans": {"sc": [0.17393848662428743, 0.24969865715976972, 0.31237631767487833, 0.349949469482712, 0.35803008040425593, 0.36716123115968774, 0.3749328715171731, 0.3728981459009732, 0.3783400430885047, 0.39004982546966327, 0.37264193235736337, 0.39951701274204826, 0.40975203974565266, 0.4286292981382407, 0.4240013526022831, 0.44279651079630655, 0.43897077208756063, 0.459006482632299, 0.4445649402713826], "ari": [0.16254268798625834, 0.439254500211994, 0.5546416388727415, 0.684201478561901, 0.6750718103554201, 0.7202608334855796, 0.688981460903879, 0.7664532089737224, 0.6968089042878225, 0.6554380465903092, 0.6742521286710518, 0.6481153050389088, 0.5922612971435128, 0.5502861599060325, 0.5584573753548979, 0.5326798503279132, 0.5447626608401209, 0.5131620602650124, 0.5243210573459823], "clusters_size": [[1017, 3183], [1336, 1009, 1855], [767, 982, 1079, 1372], [756, 976, 767, 598, 1103], [789, 586, 579, 938, 603, 705], [703, 930, 764, 621, 307, 598, 277], [270, 583, 921, 700, 794, 251, 296, 385], [791, 544, 920, 698, 232, 123, 230, 245, 417], [410, 700, 920, 273, 275, 100, 274, 415, 295, 538], [533, 345, 459, 245, 845, 414, 315, 399, 99, 273, 273], [410, 371, 542, 126, 272, 901, 287, 102, 345, 519, 95, 230], [452, 845, 412, 117, 522, 360, 345, 188, 247, 112, 140, 273, 187], [329, 272, 90, 258, 172, 143, 519, 476, 725, 160, 365, 115, 203, 373], [508, 292, 126, 372, 54, 329, 183, 438, 88, 274, 156, 337, 271, 640, 132], [30, 91, 168, 231, 344, 249, 410, 222, 138, 371, 367, 159, 121, 701, 88, 510], [256, 653, 361, 513, 77, 298, 406, 114, 220, 272, 330, 80, 195, 93, 157, 124, 51], [365, 138, 74, 681, 221, 232, 361, 89, 469, 50, 230, 158, 344, 49, 388, 112, 116, 123], [366, 337, 472, 126, 343, 368, 233, 74, 99, 643, 106, 135, 127, 95, 52, 156, 168, 221, 79], [114, 467, 124, 115, 149, 695, 231, 142, 329, 74, 63, 134, 274, 91, 176, 385, 343, 113, 158, 23]], "mse": [0.051262503593485616, 0.04319847735612304, 0.03655876316214628, 0.03153808424509584, 0.028434715810484776, 0.026447440166015843, 0.025136368756070636, 0.02396745173892018, 0.02198776402477542, 0.020632837560353213, 0.020209375219485116, 0.019157976587583184, 0.017888116836200695, 0.017280138456332937, 0.01686158874042777, 0.016020357615304057, 0.015717411808575797, 0.01484009615960703, 0.014769130446466943], "nmi": [0.42113270857598917, 0.6005907773946, 0.6465608770281702, 0.7119167503596129, 0.707553383359806, 0.7389153585654721, 0.7053369576332892, 0.7367596479644686, 0.7215494454634805, 0.7149748682437237, 0.7208362122478854, 0.7087101114030275, 0.7021030048800697, 0.6897066341296924, 0.6731719881820164, 0.6767547061179395, 0.6779264647413951, 0.6653405691080246, 0.6632694530714794]}, "covertree": {"sc": [0.11221802911859927, 0.08070081558836208, 0.08914737993616081, 0.09071408537558086, 0.102627899835655, 0.10974271652063101, 0.09142572729025417, 0.08888594702004417, 0.08723011388780465, 0.08230425000682214, 0.08679489154788236, 0.08560063586659304, 0.0855283254005161, 0.08549605728983135, 0.2308788777589232, 0.2452295225331363, 0.2438438676208271, 0.28536657249434955, 0.2858585852920361], "ari": [0.008516028008647732, 0.0027946428342304733, 0.004935484706516814, 0.03681004116449609, 0.06151300401804154, 0.07230097534182235, 0.06996748096478102, 0.0692026543231402, 0.0691200206619316, 0.06944515297458635, 0.08147424018025186, 0.08159935462497818, 0.08161991046375977, 0.08160892686623591, 0.37356764375183527, 0.42486790803607416, 0.3814334765380143, 0.4378407659570244, 0.4379164139084901], "clusters_size": [[3604, 596], [3316, 586, 298], [2846, 576, 278, 500], [2542, 564, 277, 500, 317], [2333, 556, 272, 494, 317, 228], [2263, 556, 272, 492, 317, 209, 91], [2238, 552, 271, 492, 317, 208, 91, 31], [2216, 524, 271, 492, 314, 208, 91, 30, 54], [2206, 524, 267, 492, 314, 202, 91, 30, 54, 20], [2200, 519, 267, 492, 313, 196, 91, 29, 53, 20, 20], [2138, 519, 267, 492, 313, 192, 91, 29, 53, 20, 20, 66], [2133, 518, 267, 492, 313, 192, 91, 29, 53, 20, 20, 66, 6], [2133, 518, 267, 492, 312, 192, 91, 29, 52, 20, 20, 66, 6, 2], [2133, 517, 267, 492, 312, 192, 91, 29, 52, 20, 20, 66, 6, 2, 1], [335, 53, 25, 347, 67, 91, 108, 85, 317, 171, 265, 322, 254, 150, 4, 1606], [334, 51, 25, 11, 50, 91, 108, 85, 317, 149, 265, 322, 221, 150, 4, 1494, 523], [334, 51, 25, 11, 50, 91, 106, 85, 312, 149, 265, 320, 220, 150, 4, 1338, 509, 180], [317, 51, 25, 11, 50, 91, 105, 84, 311, 72, 253, 294, 220, 111, 4, 1005, 508, 178, 510], [317, 51, 25, 11, 50, 87, 91, 84, 311, 72, 253, 294, 220, 111, 4, 1005, 508, 178, 510, 18]], "mse": [0.05619732075583472, 0.05380425416697133, 0.050338536939728014, 0.0477350740267427, 0.04550881761601544, 0.04437583194687558, 0.04404725774489463, 0.04347777327949292, 0.043312465446571906, 0.04298119331478259, 0.04220956131218346, 0.04203541903090524, 0.0419400725277203, 0.041871060539347235, 0.02835590567667271, 0.027430237158384673, 0.02587729769140491, 0.02291522779854022, 0.022743383756768442], "nmi": [0.11803223214991905, 0.1271661046335946, 0.16977686930078512, 0.22583863155155842, 0.25131766458050264, 0.26550704380561085, 0.2670993580972188, 0.26888178905324106, 0.2709713790244607, 0.27249443836220183, 0.2869874097945337, 0.2879710278348718, 0.28838344357110046, 0.28843437620621337, 0.5219431248968386, 0.5493911247876626, 0.5322925748126596, 0.5450605801729446, 0.546026753386544]},