{"hac": {"sc": [0.5200958113253842, 0.5056625677460431, 0.47397218057171436, 0.4580350786556604, 0.4408948655872225, 0.4206139042813841, 0.4098707395718335, 0.39956478424428665, 0.385395752251276, 0.37482600548894424, 0.36516919539058357, 0.360779741958369, 0.3562516661442844, 0.35180366310718897, 0.3516263818506819, 0.3511520021478385, 0.3418505253290127, 0.3416994355942511, 0.34131367587045375], "ari": [-0.0004341176650522822, -0.0004345625550539212, -0.0002766594432832468, -0.0002764062998361275, -0.0010801590409626664, -0.0012958598536837614, 0.00310434891457407, 0.003103069304468216, 0.0028852263390731396, 0.004757721215980372, 0.004321984116627496, 0.004308917419215336, 0.004806427493463635, 0.004153469999909732, 0.004150902418020408, 0.004152182329465648, 0.005591821677134296, 0.005592334802996652, 0.005591242647751675], "clusters_size": [[2, 2998], [2998, 1, 1], [2, 2996, 1, 1], [2996, 1, 1, 1, 1], [2991, 1, 5, 1, 1, 1], [2990, 1, 5, 1, 1, 1, 1], [5, 14, 2976, 1, 1, 1, 1, 1], [2976, 14, 3, 2, 1, 1, 1, 1, 1], [2975, 14, 3, 2, 1, 1, 1, 1, 1, 1], [2971, 14, 3, 2, 4, 1, 1, 1, 1, 1, 1], [14, 2969, 3, 2, 4, 2, 1, 1, 1, 1, 1, 1], [2969, 8, 3, 2, 4, 6, 1, 1, 1, 1, 1, 1, 2], [2966, 8, 3, 2, 4, 6, 3, 1, 1, 1, 1, 1, 2, 1], [8, 2963, 3, 2, 4, 6, 3, 1, 1, 1, 1, 1, 2, 1, 3], [6, 2963, 3, 2, 4, 6, 3, 2, 1, 1, 1, 1, 2, 1, 3, 1], [2963, 5, 3, 2, 4, 6, 3, 2, 1, 1, 1, 1, 2, 1, 3, 1, 1], [3, 5, 6, 2, 4, 2957, 3, 2, 6, 1, 1, 1, 2, 1, 3, 1, 1, 1], [5, 2, 6, 6, 4, 2957, 3, 2, 2, 1, 1, 1, 2, 1, 3, 1, 1, 1, 1], [6, 2, 2957, 6, 4, 2, 3, 2, 2, 1, 1, 1, 4, 1, 3, 1, 1, 1, 1, 1]], "mse": [0.023821944104731832, 0.0237921998951496, 0.02372806412390106, 0.023702754194549935, 0.02357963570646723, 0.023541946717361137, 0.0232691991300884, 0.023239906133247046, 0.023206031546846268, 0.023115325290493108, 0.023064797791413492, 0.02302283270416141, 0.02295323193313468, 0.02288809640491635, 0.02286071940907679, 0.02284053840065698, 0.022746454644477238, 0.022727824109594754, 0.022708193181987007], "nmi": [0.006507470907185012, 0.006252034677549365, 0.007680666382168966, 0.01155014744098203, 0.011472147920692208, 0.012292639693454737, 0.028694165718975276, 0.029196545915051973, 0.029448715306504326, 0.03558657988591597, 0.03602253146296257, 0.03669368780499424, 0.0371366410663698, 0.037913109884938706, 0.03831189796361056, 0.04087601495604426, 0.04263606632448973, 0.044318599556117014, 0.044393937937153675]}, "kmeans": {"sc": [0.2200007530666103, 0.26721324321101264, 0.23626682756782164, 0.23203806415197054, 0.24102894558503643, 0.23980008326868013, 0.2576706615629846, 0.2636167942034496, 0.26567413707556764, 0.2824715513852855, 0.28199375168480983, 0.2736471365732582, 0.2864914776627282, 0.29205397280331113, 0.29464949498971327, 0.2956954568880742, 0.2967947769720106, 0.29788034097843985, 0.2942631636524645], "ari": [0.6797038784433034, 0.9241569264379885, 0.7231917308702404, 0.573761297850173, 0.5481724370959706, 0.4941281879908317, 0.41683674813538035, 0.4121628738313448, 0.39882928749563795, 0.3398809328694769, 0.3419897930979255, 0.3641524993504801, 0.326554263773623, 0.351763601544865, 0.31593921164101624, 0.3163611802593386, 0.30466147361361273, 0.30936473858304214, 0.28179374663525664], "clusters_size": [[1418, 1582], [604, 1377, 1019], [992, 485, 588, 935], [884, 588, 561, 490, 477], [558, 113, 476, 476, 505, 872], [422, 558, 491, 779, 170, 106, 474], [94, 354, 513, 439, 506, 411, 563, 120], [386, 422, 538, 570, 72, 78, 131, 468, 335], [90, 472, 563, 420, 174, 85, 290, 65, 516, 325], [124, 485, 383, 105, 323, 88, 490, 415, 318, 140, 129], [530, 483, 361, 339, 75, 112, 76, 337, 124, 87, 341, 135], [565, 38, 69, 150, 86, 201, 508, 402, 388, 119, 332, 82, 60], [16, 339, 308, 114, 516, 321, 425, 83, 431, 56, 131, 63, 125, 72], [32, 468, 487, 127, 525, 33, 199, 111, 52, 322, 58, 43, 308, 99, 136], [458, 107, 499, 53, 114, 112, 30, 307, 401, 320, 190, 71, 47, 114, 49, 128], [427, 305, 314, 251, 49, 58, 112, 31, 117, 112, 48, 59, 58, 76, 494, 428, 61], [57, 489, 467, 318, 113, 322, 125, 37, 62, 118, 360, 34, 103, 185, 56, 53, 69, 32], [462, 471, 54, 107, 7, 294, 104, 376, 321, 56, 32, 116, 59, 37, 28, 48, 46, 254, 128], [23, 373, 320, 39, 164, 80, 297, 113, 65, 37, 55, 75, 72, 473, 399, 123, 56, 108, 26, 102]], "mse": [0.019468077973989528, 0.01698791818723407, 0.015756570822196402, 0.014763134137349613, 0.014137732904507724, 0.013747376474263598, 0.013047622754288082, 0.012703020325206585, 0.012529000205930242, 0.012057705495340618, 0.012003142932863923, 0.011963848390939709, 0.011780654301151808, 0.011555358096172403, 0.01125664682318471, 0.011288277013811746, 0.011039816447882905, 0.01102943643469596, 0.010873345938178703], "nmi": [0.6970712857972209, 0.8634097345204399, 0.7698262688319445, 0.6978412673625822, 0.6662492475753629, 0.6476534338674093, 0.6164759782749553, 0.6192469622924992, 0.6144193157612018, 0.5796921220401222, 0.5722112579748255, 0.5942156740423277, 0.5726622785496432, 0.5989480175160052, 0.5779124210586479, 0.5779184410318234, 0.5592681994287337, 0.5853668257261284, 0.5661555533192321]}, "covertree": {"sc": [0.469335912325644, 0.13412907668994864, 0.127361010557521, 0.054973825931629465, 0.0545972610790548, 0.134911320920822, 0.1352590147178156, 0.13377268741251355, 0.1321364931182268, 0.12307392452688082, 0.12201357223069308, 0.12518733887554048, 0.12900831175160174, 0.1293868330559478, 0.1285176695916644, 0.12857090159770346, 0.12045388731925542, 0.12158276926210863, 0.09958180078555465], "ari": [-0.0007601862879387156, 0.2475117211512514, 0.2692444309034288, -0.021730935249216723, 0.017016570765449737, 0.23793906335697443, 0.25421754541532793, 0.25855111640183337, 0.2593254945127967, 0.25834977184831764, 0.2781376775280766, 0.32844075663162503, 0.33395157307017104, 0.3323593286908202, 0.3324197169405548, 0.3322501958092612, 0.32565920258077047, 0.34019604577563495, 0.33417672758888606], "clusters_size": [[2991, 9], [1448, 1349, 203], [1329, 1221, 192, 258], [250, 261, 49, 27, 2413], [235, 255, 46, 26, 2288, 150], [151, 45, 41, 26, 1765, 136, 836], [150, 42, 40, 25, 1707, 122, 835, 79], [142, 42, 39, 25, 1690, 116, 834, 65, 47], [124, 42, 39, 22, 1678, 116, 830, 63, 47, 39], [121, 41, 30, 21, 1670, 115, 830, 60, 47, 39, 26], [120, 33, 28, 20, 1615, 100, 822, 53, 37, 39, 20, 113], [117, 32, 28, 16, 1495, 92, 821, 18, 32, 37, 16, 96, 200], [116, 32, 28, 16, 1458, 88, 810, 16, 31, 37, 16, 96, 200, 56], [116, 32, 28, 16, 1456, 88, 808, 16, 31, 37, 16, 96, 200, 56, 4], [116, 32, 28, 16, 1454, 88, 807, 16, 31, 37, 16, 96, 200, 55, 4, 4], [113, 32, 25, 16, 1433, 84, 805, 16, 29, 36, 14, 85, 191, 55, 4, 4, 58], [112, 30, 23, 14, 1413, 84, 805, 16, 29, 36, 12, 85, 190, 55, 4, 4, 58, 30], [104, 29, 23, 10, 1365, 78, 798, 16, 28, 34, 9, 79, 129, 55, 4, 4, 42, 30, 163], [104, 28, 21, 10, 1347, 78, 798, 16, 28, 34, 9, 79, 129, 55, 4, 4, 42, 30, 163, 21]], "mse": [0.02369259152835351, 0.020720244592404995, 0.019978701801425674, 0.02186738574396604, 0.021443318904891796, 0.019555405744118407, 0.01929276203644884, 0.019145465313400323, 0.019072489775678443, 0.018964354866874814, 0.01853425475746655, 0.01797458950687661, 0.017720836797565198, 0.017667756412756405, 0.01764411827828176, 0.017448121223843458, 0.017356157718857766, 0.017083244927025357, 0.01698669890199616], "nmi": [0.008820494736848115, 0.235236044585751, 0.2776001630764298, 0.11381634342251372, 0.1519424345590678, 0.3219697135006764, 0.3230995243511111, 0.3246387619508661, 0.32327557852656214, 0.32215288591797775, 0.346036280564447, 0.3939346015299418, 0.39735748484728206, 0.39578404818384105, 0.39559233769067853, 0.3935656297726706, 0.3899959101020649, 0.39512009222746314, 0.39364524248114147]},