{"hac": {"sc": [0.48015024785661803, 0.446951959864962, 0.4353328549546377, 0.4342197048703042, 0.427858998396648, 0.40281306734168887, 0.40266979955572096, 0.387803683776598, 0.37269227229790075, 0.3524161209056069, 0.3494558739848347, 0.34459973447696335, 0.3412310644483652, 0.3410265390268378, 0.34080602520828646, 0.334674900190082, 0.3298262258726387, 0.328708319571797, 0.32868362008926344], "ari": [2.9842564713372405e-05, 4.698124861148309e-05, 4.7136857501834185e-05, 4.676259275579764e-05, 4.63883277296623e-05, -3.8170943678126814e-05, -3.8317117271141426e-05, 7.388594086183517e-05, 6.889565507038174e-05, 8.108648242974848e-05, 0.000562870151267994, 0.0005630360279303354, 0.0004994622270296608, 0.0004995869099718611, 0.0004997947150326142, 0.0007254374067735688, 0.0007087310386462157, 0.0007088903691435279, 0.0007089736618494667], "clusters_size": [[4195, 5], [11, 5, 4184], [5, 5, 4184, 6], [5, 4, 4184, 6, 1], [4184, 4, 4, 6, 1, 1], [4, 4182, 4, 6, 1, 1, 2], [4182, 6, 4, 3, 1, 1, 2, 1], [4178, 4, 4, 6, 1, 1, 2, 1, 3], [4176, 4, 4, 6, 2, 1, 2, 1, 3, 1], [4175, 4, 4, 6, 2, 1, 2, 1, 3, 1, 1], [4, 4164, 4, 6, 2, 11, 2, 1, 3, 1, 1, 1], [4164, 6, 4, 3, 2, 11, 2, 1, 2, 1, 1, 1, 2], [4, 6, 4158, 3, 2, 11, 6, 1, 2, 1, 1, 1, 2, 2], [6, 3, 4158, 3, 2, 11, 6, 1, 2, 1, 1, 1, 2, 2, 1], [4158, 3, 11, 3, 2, 5, 6, 1, 2, 1, 1, 1, 2, 2, 1, 1], [4156, 3, 11, 3, 2, 5, 6, 2, 2, 1, 1, 1, 2, 2, 1, 1, 1], [11, 3, 6, 3, 2, 5, 4154, 2, 2, 1, 1, 1, 2, 2, 1, 1, 1, 2], [3, 3, 6, 2, 2, 5, 4154, 2, 6, 1, 1, 1, 2, 2, 1, 1, 1, 2, 5], [6, 3, 4154, 2, 2, 5, 2, 2, 6, 1, 1, 1, 2, 2, 1, 1, 1, 2, 5, 1]], "mse": [0.026173474919488564, 0.025982029320187346, 0.025940929688737048, 0.025920641705897803, 0.025900744320811048, 0.025856034374770128, 0.02583756266678735, 0.025773201471025478, 0.025730496062635975, 0.02570560101110906, 0.025560893465263537, 0.025540978059622296, 0.025454079642207774, 0.025437787534943107, 0.025420092070034775, 0.02538263341351526, 0.025349566731659407, 0.02532037553115019, 0.025305626636466863], "nmi": [0.010984748285418329, 0.012691180975995657, 0.017299227491105993, 0.01770374454693455, 0.018102004126506137, 0.01999768884858664, 0.020621106888282847, 0.02237560451190582, 0.023318491134257133, 0.02426981948882513, 0.027728836640658797, 0.029387788149965954, 0.029291895491337278, 0.03054014639751088, 0.032029681200973534, 0.033912390674080334, 0.03441101019816677, 0.03691848726174538, 0.037896473771452735]}, "kmeans": {"sc": [0.12980393562826237, 0.16080118627526102, 0.18928555381550716, 0.19640150195883932, 0.20422704696817887, 0.21231598947006375, 0.2115110861826208, 0.20727291144877114, 0.20071199571456533, 0.19915153675327402, 0.2030822135541768, 0.21143289898715673, 0.20936644353106024, 0.223231441056759, 0.22073645323546964, 0.22323908502020962, 0.22365213839322315, 0.22717106993505445, 0.2308485059446053], "ari": [0.21369149670861343, 0.35249257501963016, 0.5411366409482973, 0.638384764519949, 0.6776420380782604, 0.6722331196395832, 0.6703538503990892, 0.6121725308002561, 0.5334328471805905, 0.5078428662208158, 0.4533390558992124, 0.49218558492951864, 0.4784663863286048, 0.47576707985224104, 0.44565110876564834, 0.44936839923458677, 0.47266866006377356, 0.4465222421005082, 0.4394411926254805], "clusters_size": [[1640, 2560], [2388, 999, 813], [1360, 1088, 789, 963], [917, 939, 767, 931, 646], [883, 603, 891, 754, 412, 657], [960, 386, 840, 573, 192, 518, 731], [147, 506, 846, 412, 918, 260, 727, 384], [907, 827, 359, 427, 398, 478, 271, 389, 144], [565, 580, 495, 272, 457, 670, 269, 384, 138, 370], [113, 369, 421, 269, 168, 496, 544, 365, 626, 271, 558], [348, 326, 340, 281, 704, 274, 301, 211, 427, 651, 120, 217], [431, 304, 703, 271, 195, 369, 275, 209, 652, 340, 193, 133, 125], [325, 129, 357, 120, 348, 466, 129, 326, 537, 282, 103, 270, 553, 255], [90, 330, 372, 394, 271, 276, 206, 256, 132, 560, 198, 210, 310, 109, 486], [125, 488, 256, 205, 192, 574, 486, 239, 291, 120, 245, 241, 293, 80, 95, 270], [107, 263, 266, 450, 340, 312, 340, 174, 595, 206, 212, 304, 269, 113, 66, 73, 110], [181, 628, 265, 306, 314, 81, 350, 202, 413, 64, 240, 305, 99, 138, 64, 267, 179, 104], [268, 293, 402, 607, 306, 68, 196, 251, 245, 157, 109, 261, 103, 312, 187, 96, 170, 106, 63], [67, 108, 440, 204, 247, 102, 580, 356, 205, 179, 421, 108, 173, 57, 294, 255, 87, 73, 108, 136]], "mse": [0.0236005081816001, 0.021249647935774635, 0.019525412864590263, 0.018515455058868608, 0.01744022462277476, 0.016884660590572576, 0.0165633429599662, 0.01591541104657151, 0.015292014075308566, 0.015034233120999623, 0.01482347085107548, 0.014688787255454461, 0.01434258188603879, 0.013794982760984535, 0.013741363695638494, 0.013501776080045675, 0.013400722596948475, 0.013124779808362085, 0.013157204394780023], "nmi": [0.3547188882860864, 0.5640457448836781, 0.6121972232211714, 0.6261029080457936, 0.6742273585965486, 0.6472792736994794, 0.6203446285596876, 0.6125445254790964, 0.6244305271785474, 0.6093218574780838, 0.5463214880063368, 0.6007633812005663, 0.5787309454106749, 0.6261161463855095, 0.5968449326774342, 0.5922972657070473, 0.6125144208133467, 0.61613146272413, 0.5895386947643603]}, "covertree": {"sc": [0.43179709537988226, 0.4245556443134575, 0.0471763107422834, 0.04624921431603442, 0.046808030268927735, 0.03536111013030361, 0.03402737437485496, 0.016547165833797853, 0.013710473177114714, 0.046235287573037076, 0.05835248827745571, 0.08810399812924005, 0.08499957434416033, 0.08654495367676172, 0.061611375085236196, 0.05747815842244704, 0.057246467655985886, 0.054504542306534835, 0.06498146536575984], "ari": [5.033302860227773e-05, 0.00011422750790818021, 0.08274835780294748, 0.0862859116057983, 0.08842067274959133, 0.08539065717626056, 0.085532921083314, 0.09724458752922527, 0.09894091765704381, 0.18874813521660805, 0.3200967216909265, 0.4082119510170635, 0.4027145196646449, 0.39772654150065345, 0.4255409382819676, 0.408278737504712, 0.40498195991186325, 0.3996241408684471, 0.42588143614031476], "clusters_size": [[4185, 15], [4177, 13, 10], [3082, 813, 275, 30], [3010, 751, 268, 30, 141], [2920, 739, 255, 30, 138, 118], [2789, 724, 250, 20, 134, 111, 172], [2774, 710, 243, 20, 129, 109, 170, 45], [2511, 681, 233, 20, 127, 101, 169, 42, 316], [2475, 663, 225, 19, 119, 93, 163, 27, 305, 111], [2052, 579, 203, 19, 107, 75, 157, 22, 87, 108, 791], [1313, 485, 177, 11, 102, 66, 29, 21, 76, 64, 583, 1273], [701, 483, 168, 11, 102, 65, 29, 18, 76, 64, 583, 1242, 658], [697, 470, 151, 11, 101, 61, 29, 18, 44, 59, 534, 1238, 658, 129], [678, 442, 149, 11, 101, 61, 28, 18, 37, 59, 522, 1231, 645, 86, 132], [672, 398, 146, 10, 96, 58, 28, 15, 36, 52, 521, 1143, 33, 81, 131, 780], [640, 391, 137, 10, 93, 52, 28, 14, 35, 51, 453, 1130, 30, 79, 124, 715, 218], [637, 391, 125, 10, 93, 44, 28, 14, 34, 51, 444, 1126, 30, 78, 122, 704, 196, 73], [623, 390, 108, 10, 89, 35, 27, 13, 33, 50, 414, 1122, 24, 76, 116, 704, 170, 70, 126], [607, 390, 106, 10, 88, 22, 27, 12, 32, 38, 380, 964, 24, 72, 113, 698, 158, 70, 124, 265]], "mse": [0.02607052011240854, 0.025938274525909095, 0.024555604718078872, 0.024290948347852746, 0.02396237865783318, 0.023431162017729316, 0.023332901868775725, 0.02251938690922752, 0.02235230264118681, 0.021637457929377654, 0.021080503385862898, 0.01958234623691037, 0.01955335488934151, 0.01936896123981152, 0.019289097261106405, 0.019126271548254786, 0.019046280116133876, 0.018998690705992655, 0.01826474637445381], "nmi": [0.008648303742761763, 0.014788817665181815, 0.19607572275623752, 0.18963211482185185, 0.18682534997937078, 0.2042345997571758, 0.2022607294358325, 0.22009921693803045, 0.21773761258480648, 0.28357033931090103, 0.36686357479684706, 0.4423511473098669, 0.43641534410673094, 0.4242800504857458, 0.4329778246795092, 0.4311604081222282, 0.4286385510119842, 0.4204214323884298, 0.43976349102649165]},