{"hac": {"sc": [0.3809352578314176, 0.3315295431692652, 0.30983070914324257, 0.2935732536118986, 0.28341173500032235, 0.27101168160993633, 0.21372516705039485, 0.20429725159090398, 0.19524599729174638, 0.17240385187894902, 0.303831325812878, 0.2960882270037953, 0.2921835815897615, 0.2792698335727717, 0.25027021624623574, 0.2500780035102303, 0.23780968026886928, 0.22224415593477526, 0.2101562753904744], "ari": [0.0001124981756713721, -2.4759580678161013e-05, 8.800238716237837e-05, 7.996191748510781e-05, 0.0006468683181268131, 0.00064571651971323, 0.0019275795915773084, 0.0019277391881138805, 0.0019259450239663036, 0.00204352919307687, 0.47670261937025743, 0.47676554780451574, 0.4767658838240464, 0.47676420700291317, 0.4762929695842486, 0.4762924102136574, 0.47377157711062895, 0.4732308070463397, 0.4727687929168971], "clusters_size": [[2999, 1], [2997, 1, 2], [2996, 1, 2, 1], [2995, 1, 2, 1, 1], [6, 1, 2989, 1, 1, 2], [2989, 1, 2, 1, 1, 4, 2], [2, 11, 4, 1, 1, 2978, 2, 1], [4, 11, 2978, 1, 1, 1, 2, 1, 1], [2978, 2, 2, 1, 11, 1, 2, 1, 1, 1], [2977, 2, 2, 1, 11, 1, 2, 1, 1, 1, 1], [1593, 2, 2, 1, 11, 1384, 2, 1, 1, 1, 1, 1], [2, 2, 4, 1, 11, 1384, 2, 1, 1, 1, 1, 1, 1589], [4, 2, 1384, 1, 11, 1589, 2, 1, 1, 1, 1, 1, 1, 1], [1384, 2, 2, 1, 11, 1589, 3, 1, 1, 1, 1, 1, 1, 1, 1], [2, 2, 1382, 2, 11, 1589, 3, 1, 1, 1, 1, 1, 1, 1, 1, 1], [1382, 2, 1589, 2, 11, 1, 3, 1, 1, 1, 1, 1, 1, 1, 1, 1, 1], [1365, 17, 1589, 2, 11, 1, 3, 1, 2, 1, 1, 1, 1, 1, 1, 1, 1, 1], [1358, 17, 1589, 7, 11, 1, 3, 1, 2, 1, 1, 1, 1, 1, 1, 1, 1, 1, 2], [1356, 17, 1589, 7, 2, 1, 3, 1, 2, 11, 1, 1, 1, 1, 1, 1, 1, 1, 2, 1]], "mse": [0.0554050534526303, 0.05530130219197454, 0.05524032965334203, 0.055179755160232304, 0.054961431246761165, 0.054912120000722764, 0.054403716287822784, 0.05437340351784312, 0.05432741609823029, 0.054286839888802604, 0.03596235062564974, 0.03586486907242791, 0.03584251796402411, 0.03581487721773214, 0.03575010288179655, 0.0357292836069621, 0.035371210539164505, 0.03521780425324105, 0.035167443519758916], "nmi": [0.008391949797103018, 0.008168657608751358, 0.011308002403744983, 0.013204478233218714, 0.020581791764133252, 0.022306734405818266, 0.038339416592237656, 0.039867128042543505, 0.03953584218856963, 0.04042360172337943, 0.594206692278656, 0.5918484171877338, 0.5921229484437426, 0.5918287644022888, 0.5902408089303612, 0.590061398224558, 0.5830891657046596, 0.578703862717807, 0.5772748292711611]}, "kmeans": {"sc": [0.3482032108976344, 0.3759498008425937, 0.3730903886326814, 0.3904620406787203, 0.4077338830832015, 0.44600685387372807, 0.4823219833776681, 0.49857603134093675, 0.5181103576841773, 0.5257695574973285, 0.5308592632635649, 0.5503941511254148, 0.5518934786546633, 0.5755817044770059, 0.5890962197386819, 0.6047707296731827, 0.6028212590594921, 0.6045214799108538, 0.6204428026106145], "ari": [0.48532730771160637, 0.6360164311776327, 0.7626233432250659, 0.6527386400573069, 0.572124208026612, 0.4767817080582659, 0.48336755979950147, 0.4578875451468427, 0.45113995191668727, 0.4231996146321114, 0.4061687421770598, 0.39225666189075964, 0.3714034591521367, 0.3680234828105225, 0.3506877281999443, 0.3392535356261843, 0.34077470302214913, 0.33961731145624513, 0.3280736639227778], "clusters_size": [[1595, 1405], [1108, 524, 1368], [503, 614, 1094, 789], [805, 670, 500, 440, 585], [573, 669, 464, 497, 430, 367], [457, 373, 530, 567, 370, 366, 337], [344, 568, 457, 530, 238, 337, 365, 161], [238, 568, 529, 368, 341, 338, 351, 159, 108], [98, 119, 335, 365, 342, 565, 530, 141, 349, 156], [44, 336, 350, 529, 339, 525, 238, 259, 156, 107, 117], [153, 344, 528, 563, 170, 109, 112, 334, 237, 173, 55, 222], [350, 336, 128, 141, 215, 521, 98, 528, 114, 100, 156, 259, 54], [342, 528, 333, 149, 170, 477, 110, 222, 237, 173, 26, 55, 108, 70], [296, 479, 109, 152, 117, 217, 509, 259, 350, 141, 96, 77, 39, 114, 45], [526, 259, 452, 128, 172, 141, 96, 349, 108, 296, 112, 168, 78, 45, 27, 43], [342, 526, 452, 151, 95, 167, 39, 296, 50, 78, 220, 138, 110, 45, 141, 53, 97], [327, 342, 138, 435, 494, 106, 141, 99, 70, 167, 112, 222, 146, 43, 39, 41, 52, 26], [173, 209, 32, 469, 92, 501, 143, 45, 337, 108, 106, 289, 34, 71, 141, 11, 53, 169, 17], [295, 423, 93, 526, 138, 339, 141, 146, 220, 45, 39, 26, 24, 95, 64, 167, 19, 108, 40, 52]], "mse": [0.03688481428081076, 0.02982735812502887, 0.02472747613450559, 0.021408689415420717, 0.018815275993063128, 0.0164117554823626, 0.014745770651701682, 0.013812564695635333, 0.013175767318237703, 0.01246752235122976, 0.011587236037827069, 0.010958763361568404, 0.010538198725362165, 0.009805058688459666, 0.009334694006199058, 0.008647925430324464, 0.008545823393939646, 0.008412225083005256, 0.007898556307715127], "nmi": [0.6322156275250853, 0.6938396365468262, 0.738883580254902, 0.7152323496871454, 0.6888473386829712, 0.6218129794545019, 0.6385373419345503, 0.6306094303603328, 0.6293638456426898, 0.6209013840910994, 0.6093086073241342, 0.6055715581799703, 0.5949520617831472, 0.5945427427836926, 0.5905886255320548, 0.5835579215924149, 0.584860621560289, 0.5774018731619193, 0.5791484225777107]}, "covertree": {"sc": [0.1761690129071701, 0.1658009796634976, 0.1439792078899067, 0.16929330196318776, 0.17011506747704744, 0.1796796128664929, 0.18003690594741573, 0.27229984553097963, 0.2988675972556779, 0.2599835906333489, 0.20818999121389586, 0.25451845624176245, 0.1712693472266493, 0.15769959502024347, 0.16056142209454324, 0.29121250291235834, 0.2990705386043641, 0.33426366372446314, 0.34766169713777056], "ari": [0.0667706797728629, 0.11019517411212945, 0.1587391917914385, 0.1811035832721432, 0.18318741078486825, 0.1976724162680118, 0.198963158629093, 0.3278248861914995, 0.32209553065257557, 0.3924177850879806, 0.40301191107797296, 0.41891595310892754, 0.5220706454438363, 0.5739234139805529, 0.5675544442072876, 0.4832264982681301, 0.47077659112132175, 0.4806798512456967, 0.45851922598781936], "clusters_size": [[2651, 349], [2519, 321, 160], [2137, 314, 159, 390], [2031, 302, 159, 381, 127], [2021, 294, 159, 381, 127, 18], [1982, 290, 159, 381, 127, 18, 43], [1976, 290, 159, 381, 127, 18, 43, 6], [367, 193, 93, 413, 496, 141, 595, 602, 100], [367, 153, 93, 365, 496, 137, 585, 563, 97, 144], [258, 153, 10, 19, 402, 137, 519, 509, 40, 144, 809], [207, 2, 9, 19, 309, 95, 513, 467, 40, 99, 804, 436], [207, 2, 9, 11, 245, 95, 346, 436, 40, 99, 730, 397, 383], [205, 2, 9, 10, 245, 95, 90, 434, 39, 98, 639, 386, 142, 606], [203, 2, 9, 10, 243, 95, 47, 5, 39, 32, 633, 378, 111, 586, 607], [203, 2, 9, 10, 243, 95, 47, 5, 39, 32, 633, 378, 110, 572, 607, 15], [203, 2, 9, 10, 243, 95, 7, 5, 39, 32, 633, 378, 108, 332, 549, 15, 340], [203, 2, 9, 10, 242, 95, 7, 5, 39, 32, 633, 378, 94, 332, 519, 15, 338, 47], [194, 2, 9, 10, 75, 95, 7, 5, 39, 32, 633, 196, 92, 332, 518, 15, 338, 46, 362], [33, 2, 9, 10, 74, 95, 7, 5, 39, 32, 585, 196, 92, 332, 518, 15, 338, 46, 361, 211]], "mse": [0.05107545690884587, 0.048097400138476104, 0.04127652617419755, 0.03852865924925824, 0.038000233067384204, 0.037106456862350555, 0.03685099761903657, 0.022291086471093315, 0.020858207794310604, 0.02288340224501935, 0.023027016910553567, 0.01950524614788447, 0.019003270340686395, 0.019299620989699274, 0.01907835936238916, 0.016724511738033895, 0.016293208936393702, 0.014865516131416718, 0.014715843828467051], "nmi": [0.15935278558892596, 0.2344041084383622, 0.28244673161117995, 0.31840758694546223, 0.32117556095918587, 0.3316683422546191, 0.3323420614546392, 0.4386291349791006, 0.45905769907627114, 0.48257441040444776, 0.4873967490948436, 0.5278127698666858, 0.5984700853271162, 0.6447503688945727, 0.6412790304114988, 0.6041540729634022, 0.5962688909470543, 0.6087457492770667, 0.6001423960149553]},