{"hac": {"sc": [0.516159618920702, 0.46270044217702466, 0.4523124032394076, 0.4290768451079514, 0.42528246806129794, 0.4203956188805355, 0.379636896854744, 0.375463352933067, 0.3519541845918066, 0.3355259691262684, 0.33207716390530195, 0.32251859033157976, 0.3168234931310403, 0.30574494078689624, 0.2899407855428015, 0.2899037723418683, 0.28140762085586235, 0.2812078414894056, 0.2785653981291129], "ari": [0.0001124981756713721, 0.00042732961209407416, 0.0004279922205029821, 0.0012234278643256868, 0.001222691976047217, 0.0012197186544988467, 0.0009279206343159677, 0.0009253879650730353, 0.0009123585701254697, 0.001028069938513031, 0.003270010605120443, 0.003608315605417365, 0.0036129086370177916, 0.003696345183021218, 0.0036810159631602292, 0.003680723141749179, 0.004045672284480761, 0.0040420591632157, 0.004042416245383777], "clusters_size": [[2999, 1], [6, 1, 2993], [2993, 2, 4, 1], [4, 2984, 9, 1, 2], [9, 2984, 3, 1, 2, 1], [2984, 8, 3, 1, 2, 1, 1], [8, 2978, 3, 6, 2, 1, 1, 1], [2978, 7, 3, 6, 2, 1, 1, 1, 1], [2976, 7, 3, 6, 2, 1, 1, 1, 1, 2], [2975, 7, 3, 6, 2, 1, 1, 1, 1, 2, 1], [2955, 7, 20, 6, 2, 3, 1, 1, 1, 2, 1, 1], [20, 7, 2950, 6, 2, 3, 1, 1, 1, 2, 1, 1, 5], [2950, 7, 3, 6, 2, 5, 2, 1, 1, 2, 1, 1, 18, 1], [2945, 7, 3, 6, 2, 5, 5, 1, 1, 2, 1, 1, 18, 1, 2], [3, 7, 2943, 6, 2, 5, 5, 2, 1, 2, 1, 1, 18, 1, 2, 1], [2943, 7, 5, 6, 2, 18, 5, 2, 1, 2, 1, 1, 2, 1, 2, 1, 1], [7, 2940, 5, 6, 2, 18, 5, 2, 3, 2, 1, 1, 2, 1, 2, 1, 1, 1], [5, 2940, 18, 6, 2, 3, 5, 2, 4, 2, 1, 1, 2, 1, 2, 1, 1, 1, 3], [18, 2940, 3, 6, 2, 2, 5, 2, 4, 2, 1, 1, 2, 1, 2, 1, 1, 1, 3, 3]], "mse": [0.026335510510157836, 0.0261668692724624, 0.026125410944162646, 0.025898581177343782, 0.025869572461515163, 0.025839916151727947, 0.025706154429127798, 0.025681787404026657, 0.02563183890613084, 0.02559979974774646, 0.025255298969092344, 0.025163967543984884, 0.02513445212593864, 0.025048428637555256, 0.02500663419551808, 0.02498620603507047, 0.024926009957605466, 0.02489876488610743, 0.024872950431985806], "nmi": [0.008391949797103018, 0.009388951087494086, 0.014143998869473137, 0.02547124450710986, 0.025716584618988955, 0.02556250581551026, 0.026420203293333153, 0.02635601665717013, 0.02818942752307749, 0.029343273433606994, 0.04051871711309153, 0.040189264259199685, 0.043618873213698485, 0.04291611532343453, 0.04407672934570131, 0.044377348738722004, 0.046813312430659317, 0.047021837486047886, 0.04831067293750277]}, "kmeans": {"sc": [0.16421285217397838, 0.21971357869500746, 0.2501627406295371, 0.25121619963455827, 0.23336132887007247, 0.23148477108464294, 0.22956442278900652, 0.22902719481492356, 0.23998958164567072, 0.24274666669443756, 0.24530493631546438, 0.23111626278586997, 0.24458333042474353, 0.2439303531067071, 0.25606334973330147, 0.25743659207425096, 0.2482958899465453, 0.2534508992227307, 0.24927574811535488], "ari": [0.4276508252179934, 0.7653303815605188, 0.9320409215041331, 0.9040114847603062, 0.7454503867848407, 0.6525835841777146, 0.6102901728196731, 0.5768974599282654, 0.5512904379139155, 0.527252589706923, 0.5069711093077425, 0.5300032270414418, 0.4610510181314062, 0.426734916507964, 0.4385155722159931, 0.4207356151169571, 0.4369997877988883, 0.3894386499075052, 0.39389991944690544], "clusters_size": [[1055, 1945], [1163, 1028, 809], [603, 795, 1006, 596], [1002, 522, 564, 789, 123], [514, 124, 557, 471, 769, 565], [526, 268, 471, 556, 121, 514, 544], [156, 472, 523, 543, 447, 490, 266, 103], [483, 127, 252, 405, 160, 522, 510, 449, 92], [200, 158, 535, 332, 447, 270, 478, 35, 450, 95], [370, 443, 268, 470, 71, 198, 322, 75, 545, 137, 101], [127, 429, 255, 472, 58, 331, 526, 206, 106, 74, 88, 328], [501, 468, 57, 375, 546, 292, 45, 34, 120, 82, 97, 261, 122], [406, 371, 258, 347, 65, 69, 206, 37, 127, 69, 101, 502, 330, 112], [268, 101, 313, 66, 497, 124, 300, 127, 209, 372, 70, 78, 325, 60, 90], [53, 512, 422, 84, 124, 313, 373, 64, 278, 79, 190, 131, 45, 186, 63, 83], [207, 81, 391, 64, 42, 86, 121, 83, 78, 287, 78, 348, 69, 60, 205, 326, 474], [510, 102, 300, 75, 261, 203, 20, 320, 58, 37, 432, 88, 27, 27, 52, 124, 291, 73], [264, 54, 445, 335, 80, 293, 75, 206, 121, 79, 93, 66, 32, 104, 56, 264, 3, 351, 79], [27, 340, 479, 189, 69, 64, 26, 229, 374, 125, 31, 52, 83, 88, 197, 71, 285, 111, 81, 79]], "mse": [0.022599648777768645, 0.019652934637189208, 0.01789923448346996, 0.01712427909005096, 0.016126315448672227, 0.01543800028969333, 0.015050666930821095, 0.01478319359262049, 0.014500208453435727, 0.014080427155502001, 0.01392417326499364, 0.013920824575143128, 0.01349092458406292, 0.013311081936296968, 0.013125527060551975, 0.012969626832441941, 0.012958087114936604, 0.012695132815018403, 0.012532339772479379], "nmi": [0.600794557351278, 0.7952594045300239, 0.8930351634583027, 0.8526526094463224, 0.7826430093072877, 0.7456679776762148, 0.7194733006165296, 0.6999963785460629, 0.6935908943466955, 0.6926295956217161, 0.6808452645280999, 0.6760466757135057, 0.6478992819678476, 0.6371463808996277, 0.6365367733203318, 0.6431787050306056, 0.6368960152211447, 0.6242367098464178, 0.643611134353784]}, "covertree": {"sc": [0.4482873347441737, 0.42431907185860995, 0.12722488999085912, 0.11960779064554936, 0.11341758203362107, 0.1260186789891887, 0.11720193580761616, 0.11387386698839903, 0.1280079043178582, 0.10698374974583844, 0.09870012217242716, 0.09770710925828507, 0.09873286307431431, 0.09736169494561978, 0.0916575092079941, 0.09443379773533447, 0.09473635176899965, 0.08697019397265714, 0.0858583392210583], "ari": [0.0009803666566890518, 0.0017912694124280531, 0.4091901495192535, 0.4330531494832207, 0.40003740631140583, 0.3278726681917372, 0.32223853283790566, 0.30374609511789424, 0.39643037663673913, 0.33153279977979694, 0.3351929772819695, 0.33621882419045157, 0.3374825173187171, 0.3352600692359594, 0.336189215349477, 0.33985869109711825, 0.3386446730572617, 0.33814727465915934, 0.3363145291781609], "clusters_size": [[2986, 14], [2979, 11, 10], [1019, 1113, 631, 237], [894, 1070, 584, 202, 250], [807, 957, 547, 193, 242, 254], [543, 713, 347, 129, 40, 177, 1051], [535, 713, 344, 129, 40, 177, 1016, 46], [528, 711, 333, 129, 33, 172, 875, 38, 181], [100, 473, 311, 118, 29, 171, 824, 36, 172, 766], [84, 32, 117, 39, 24, 22, 398, 30, 130, 496, 1628], [83, 31, 113, 38, 22, 22, 349, 22, 122, 494, 1584, 120], [70, 31, 110, 38, 22, 21, 349, 21, 122, 492, 1577, 120, 27], [67, 31, 109, 38, 21, 21, 301, 20, 105, 491, 1561, 111, 27, 97], [66, 30, 106, 32, 19, 19, 301, 20, 105, 491, 1556, 110, 27, 96, 22], [65, 30, 104, 32, 12, 19, 276, 16, 102, 490, 1538, 105, 27, 86, 21, 77], [56, 28, 102, 32, 12, 18, 272, 16, 102, 480, 1519, 104, 18, 82, 19, 77, 63], [56, 28, 101, 32, 12, 18, 266, 16, 97, 480, 1519, 102, 18, 78, 18, 77, 63, 19], [53, 26, 91, 28, 9, 18, 260, 16, 97, 477, 1496, 100, 15, 76, 12, 67, 62, 18, 79], [48, 25, 81, 28, 9, 16, 259, 16, 96, 470, 1485, 93, 15, 76, 12, 65, 60, 18, 71, 57]], "mse": [0.026089739406804053, 0.02592745999337821, 0.021766678841126402, 0.021087206741671728, 0.02054712204756261, 0.01960122207602859, 0.01943871867964656, 0.01916437920802408, 0.018580165175558546, 0.020164091281635037, 0.020022254195431174, 0.019973506894566617, 0.019742390113928775, 0.019670734882407854, 0.019548319603811596, 0.019359573408249838, 0.019300164806790525, 0.019005719941542498, 0.018856396489346457], "nmi": [0.009616561360262515, 0.01891036211322369, 0.42392815141975115, 0.4507442504363497, 0.444990826346394, 0.44204582469133064, 0.44275879538775387, 0.42312469945116965, 0.4733933998593596, 0.4115923753144462, 0.39944804945930124, 0.3971043378659421, 0.3983065242963257, 0.3981438628752828, 0.3926016178812416, 0.3934929245429012, 0.39129053818122483, 0.39430820121661303, 0.39220344398284923]},