{"hac": {"sc": [0.5423442102564507, 0.5337921662768889, 0.47646510965152056, 0.46251667947325087, 0.44579995932949257, 0.43889031330240125, 0.42511193235657346, 0.4076239521925016, 0.407319575663011, 0.3922171747023007, 0.38823368037242517, 0.37517025168287055, 0.3751338759137734, 0.36538813512409424, 0.36040146365986464, 0.36013489668696563, 0.35471677773451993, 0.35456864097064406, 0.349188970650453], "ari": [0.0029241870812132405, 0.0029250296546363313, 0.004479199633900487, 0.016636900738341495, 0.018291849500582096, 0.018309563452457038, 0.01831036102502982, 0.019311673112628484, 0.01931158130439516, 0.020015783370772044, 0.020015760432001296, 0.019540978103697232, 0.019540533289512448, 0.020367957892332162, 0.022543086299867968, 0.022543508242493293, 0.023631630655716808, 0.023629851343124786, 0.02662820643198435], "clusters_size": [[3, 2997], [2997, 2, 1], [2992, 5, 1, 2], [2979, 13, 1, 2, 5], [13, 5, 2, 2, 2977, 1], [5, 2977, 7, 2, 6, 1, 2], [2977, 6, 7, 2, 3, 1, 2, 2], [6, 2976, 7, 2, 3, 1, 2, 2, 1], [2976, 3, 7, 2, 2, 1, 2, 2, 1, 4], [3, 2972, 7, 2, 2, 1, 2, 2, 1, 4, 4], [2972, 2, 7, 2, 2, 1, 2, 2, 1, 4, 4, 1], [2, 2971, 7, 2, 2, 1, 2, 2, 1, 4, 4, 1, 1], [2971, 2, 7, 2, 4, 1, 2, 2, 1, 1, 4, 1, 1, 1], [2970, 2, 7, 2, 4, 1, 2, 2, 1, 1, 4, 1, 1, 1, 1], [2, 2968, 7, 2, 4, 1, 2, 2, 1, 1, 4, 1, 1, 1, 1, 2], [2968, 4, 7, 2, 4, 1, 2, 2, 1, 1, 1, 1, 1, 1, 1, 2, 1], [4, 2967, 7, 2, 4, 1, 2, 2, 1, 1, 1, 1, 1, 1, 1, 2, 1, 1], [2967, 4, 7, 2, 2, 1, 2, 2, 2, 1, 1, 1, 1, 1, 1, 2, 1, 1, 1], [2964, 4, 7, 2, 2, 1, 2, 2, 2, 3, 1, 1, 1, 1, 1, 2, 1, 1, 1, 1]], "mse": [0.021416918506017332, 0.021382722800422634, 0.021261889620639306, 0.02097775344999272, 0.020920116199085455, 0.020874735421449662, 0.020850590928066567, 0.02081901292186, 0.020795106515551907, 0.02072220692163944, 0.02070275870478127, 0.02067341537880782, 0.020655620010309024, 0.020626699969765617, 0.020585829725015693, 0.02056836833560496, 0.02054072688761215, 0.020519454217576845, 0.02046017387779869], "nmi": [0.0132937628445091, 0.01974610748846003, 0.01922705160483963, 0.04209715988273701, 0.04507968797349328, 0.05651128269690517, 0.05799417918803029, 0.0597083136299359, 0.06087047296228906, 0.058491133013078886, 0.05888730855332415, 0.05820653300616026, 0.058031451912399175, 0.05907535244044711, 0.06345152121081257, 0.06487332279724353, 0.06687703836527634, 0.06653219288618642, 0.07128449973503036]}, "kmeans": {"sc": [0.26582235310635416, 0.2131877694533335, 0.2510833042290165, 0.26498032860970705, 0.27122873585729007, 0.27324768162158725, 0.279925670620125, 0.28212085158199346, 0.28708854423751035, 0.2875971752460758, 0.2978100827235536, 0.2980571705768807, 0.30569325111991696, 0.30738017864190437, 0.30856508654952836, 0.3156234558382116, 0.3195422019376484, 0.3294985909759626, 0.3250499242536502], "ari": [0.8413882624666099, 0.4076731390736955, 0.5040360731637769, 0.5266807763376821, 0.4590113265236325, 0.44672970270676815, 0.421460697867319, 0.4073106413058017, 0.3350513392988218, 0.36574501711318613, 0.3626305231639025, 0.31364529567866695, 0.2772327049906547, 0.2823108762001527, 0.28418655359437706, 0.24383645363976458, 0.22512641559024751, 0.24687527442198837, 0.2519301015257501], "clusters_size": [[975, 2025], [971, 906, 1123], [902, 1127, 490, 481], [1125, 479, 209, 891, 296], [1045, 178, 479, 300, 794, 204], [781, 1023, 264, 197, 475, 203, 57], [177, 1004, 63, 792, 172, 197, 261, 334], [775, 997, 208, 53, 196, 173, 205, 256, 137], [886, 141, 335, 167, 659, 155, 241, 55, 171, 190], [41, 712, 208, 57, 195, 174, 949, 209, 118, 195, 142], [196, 983, 193, 135, 172, 114, 69, 680, 98, 202, 48, 110], [67, 874, 154, 637, 50, 36, 194, 140, 229, 185, 123, 164, 147], [73, 811, 155, 113, 169, 187, 584, 230, 49, 135, 99, 202, 124, 69], [86, 552, 202, 146, 34, 40, 164, 855, 133, 153, 192, 202, 68, 117, 56], [611, 831, 57, 45, 199, 38, 136, 42, 157, 164, 172, 150, 65, 110, 98, 125], [64, 37, 146, 758, 178, 109, 160, 112, 136, 215, 48, 166, 534, 103, 39, 140, 55], [754, 6, 167, 184, 96, 57, 204, 99, 110, 109, 429, 141, 225, 104, 93, 56, 49, 117], [791, 40, 178, 54, 154, 68, 522, 74, 163, 30, 129, 141, 76, 134, 44, 94, 96, 38, 174], [16, 540, 779, 33, 302, 160, 193, 66, 21, 42, 53, 91, 167, 98, 70, 96, 63, 76, 59, 75]], "mse": [0.017714688807501034, 0.015737757072225956, 0.014254614145064012, 0.013552353016769849, 0.013081063508233563, 0.01265563923078605, 0.012236849680456104, 0.011914767092431585, 0.011535901325239354, 0.011440180055394947, 0.01118120591325234, 0.01107518364598949, 0.010704471691054722, 0.010578125293811141, 0.010470615233983302, 0.010266493590713995, 0.010001515243928845, 0.00986327312157842, 0.009980362379316002], "nmi": [0.7478899342299048, 0.5659818360994345, 0.687391798580636, 0.7392222353075585, 0.6984067239595805, 0.6785856359094468, 0.6493252756649397, 0.6374413091896816, 0.6025233790120861, 0.6178004277190821, 0.6058717058288969, 0.5765895832522766, 0.5615474686655725, 0.5648523610470096, 0.5693013057696069, 0.5456270823459445, 0.5401738666234187, 0.5440196544471191, 0.5481047387525251]}, "covertree": {"sc": [0.5212458161680266, 0.5056819596953709, 0.15859610950832234, 0.13847742884251973, 0.13443133139853877, 0.12909841258666332, 0.1377626973398927, 0.10955504009906762, 0.1082077478216236, 0.10870639505688208, 0.10927164313628485, 0.11070564132473078, 0.07786209261195076, 0.0754693908094619, 0.07526609406249489, 0.06713152562328048, 0.06254349551855265, 0.056469678057005306, 0.05778405761169808], "ari": [0.005675135838837449, 0.009863963125925074, 0.31662633759424347, 0.2914174971981364, 0.2876014174566055, 0.22818510664341674, 0.2574988542026733, 0.2837613407747896, 0.29136892888162397, 0.3383653850727036, 0.3439331201574936, 0.4122334271775934, 0.39327116452336747, 0.3661654191615128, 0.37576540281226734, 0.3686062249238486, 0.36688758531089344, 0.36393640197826527, 0.3685081081697802], "clusters_size": [[2994, 6], [2990, 4, 6], [228, 783, 1714, 275], [117, 657, 1585, 265, 376], [108, 656, 1579, 262, 372, 23], [102, 631, 1425, 239, 347, 23, 233], [95, 369, 1364, 208, 319, 21, 170, 454], [18, 83, 123, 54, 27, 10, 40, 183, 2462], [18, 62, 123, 54, 25, 10, 39, 183, 2452, 34], [17, 60, 121, 52, 23, 10, 37, 87, 2392, 33, 168], [17, 60, 119, 52, 22, 10, 36, 80, 2386, 33, 164, 21], [17, 55, 118, 52, 20, 9, 33, 48, 2311, 31, 147, 20, 139], [17, 55, 117, 46, 18, 6, 33, 48, 2280, 31, 147, 20, 139, 43], [17, 55, 113, 43, 17, 6, 27, 48, 2234, 31, 146, 20, 139, 42, 62], [14, 51, 97, 43, 17, 6, 27, 48, 2213, 25, 146, 20, 139, 42, 61, 51], [14, 49, 95, 39, 17, 6, 24, 47, 2185, 25, 142, 17, 130, 39, 60, 50, 61], [13, 49, 94, 39, 16, 6, 23, 47, 2182, 25, 141, 17, 130, 37, 59, 49, 59, 14], [13, 49, 92, 39, 16, 6, 20, 47, 2177, 25, 141, 17, 130, 36, 58, 47, 58, 14, 15], [13, 49, 92, 39, 16, 6, 20, 43, 2166, 25, 134, 10, 128, 36, 58, 46, 54, 14, 15, 36]], "mse": [0.021354926578998405, 0.021231842034156786, 0.01799146389801634, 0.01749423620502028, 0.01744337124772839, 0.017163942419306872, 0.0162566843448122, 0.018854228048859358, 0.01879106422487394, 0.01850481748572423, 0.0184123622187969, 0.017825128453526008, 0.01767474999990118, 0.01751495311301211, 0.017292821723633757, 0.01713302170686294, 0.017087437650102982, 0.017027998487493708, 0.01695590236108312], "nmi": [0.019738867703529568, 0.03598626343776424, 0.2503208086175275, 0.28839741263592344, 0.2851186788302696, 0.26886282795849914, 0.34300311651968995, 0.23317095497190055, 0.2365572517690358, 0.24690762717544582, 0.24959594420057157, 0.3210018338417556, 0.3161087331886348, 0.3098275074318885, 0.3131654926507275, 0.30649756774767234, 0.30803207371089575, 0.3071118427296807, 0.304588846030647]},