{"hac": {"sc": [0.39654012581417936, 0.348073823438606, 0.3378352216493766, 0.333001568072479, 0.31382300544420605, 0.29607913760263205, 0.2842628999465067, 0.27293542153396705, 0.3816218602710234, 0.3797142271287309, 0.3763032545356125, 0.3661835932213987, 0.3449495845924977, 0.34380557877666085, 0.32483240724410667, 0.3232084503800593, 0.3058263520348217, 0.2962240132460258, 0.28241816232439815], "ari": [-0.00015636430148811077, 0.0005952317316184539, 0.0009717991256470584, 0.0015084002574471801, 0.0015089074696521061, 0.0014508218342095967, 0.002175157526574623, 0.0021754114884640734, 0.5775779336900492, 0.5775774518696548, 0.5775782150121558, 0.5983818832979675, 0.5987586962627148, 0.5987582077676269, 0.5988034355471554, 0.5987836219510813, 0.5974800059018719, 0.6026422726749489, 0.6094551334644979], "clusters_size": [[2998, 2], [2996, 2, 2], [2995, 2, 2, 1], [3, 2992, 2, 1, 2], [2992, 2, 2, 1, 2, 1], [2989, 2, 3, 1, 2, 1, 2], [2, 2988, 3, 1, 2, 1, 2, 1], [2988, 2, 3, 1, 1, 1, 2, 1, 1], [2, 2007, 3, 1, 981, 1, 2, 1, 1, 1], [3, 2007, 2, 1, 981, 1, 1, 1, 1, 1, 1], [2007, 981, 2, 1, 2, 1, 1, 1, 1, 1, 1, 1], [1934, 981, 2, 1, 2, 73, 1, 1, 1, 1, 1, 1, 1], [2, 981, 1925, 1, 2, 73, 9, 1, 1, 1, 1, 1, 1, 1], [1925, 981, 73, 1, 2, 1, 9, 1, 1, 1, 1, 1, 1, 1, 1], [73, 8, 1917, 981, 2, 1, 9, 1, 1, 1, 1, 1, 1, 1, 1, 1], [1917, 8, 9, 981, 2, 1, 66, 7, 1, 1, 1, 1, 1, 1, 1, 1, 1], [1914, 8, 9, 981, 2, 1, 66, 7, 3, 1, 1, 1, 1, 1, 1, 1, 1, 1], [1891, 23, 9, 8, 2, 1, 66, 7, 981, 1, 1, 1, 1, 1, 1, 1, 1, 1, 3], [9, 23, 1871, 8, 20, 1, 66, 7, 981, 2, 1, 1, 1, 1, 1, 1, 1, 1, 3, 1]], "mse": [0.05169610810928649, 0.051584618615822746, 0.05151946734870609, 0.05140660091416471, 0.05136799598110112, 0.05125504829026912, 0.05120552859302341, 0.05117521582304374, 0.03210131022029666, 0.032078509614108956, 0.03205229917534446, 0.030595520288137515, 0.030401199484787426, 0.03038038020995298, 0.03020751734960404, 0.03006305431840622, 0.029989264404758464, 0.029455660763496847, 0.029040152579741973], "nmi": [0.002025361003092508, 0.011674645401484473, 0.014905099076595403, 0.01675848564785726, 0.020553598996036617, 0.020086502728339763, 0.026279974874241, 0.02848916872887144, 0.6609230243569744, 0.660693318221641, 0.6611208407224046, 0.6700803482154062, 0.6629844279836186, 0.6627904073041145, 0.6595707868921509, 0.6584004841473383, 0.6557778633692855, 0.6469574522412628, 0.6420593451760265]}, "kmeans": {"sc": [0.39852168830792056, 0.38458672459697135, 0.4053522180340286, 0.4065146848477181, 0.4299796949664263, 0.4534575665017043, 0.50101416130045, 0.50880862437241, 0.5328953295077471, 0.5389137280715454, 0.5574191778032362, 0.5695671220689611, 0.5790316117996019, 0.5848549225755127, 0.5444846643338671, 0.606164617685187, 0.6091833518203268, 0.6184027406056881, 0.5631447000045677], "ari": [0.5932873081121456, 0.5465680349237814, 0.6197422921532248, 0.4883718683686271, 0.48630440271178665, 0.43092294225645217, 0.35704247528653676, 0.371420416969325, 0.3196669962395082, 0.33507654657587327, 0.3135151513902103, 0.30000629613074675, 0.302091152370157, 0.28921899755597863, 0.28518489972252553, 0.2812321759128306, 0.28173093032526214, 0.27326897453809207, 0.26413394045555827], "clusters_size": [[1032, 1968], [1016, 1176, 808], [568, 1009, 806, 617], [798, 565, 583, 437, 617], [595, 617, 237, 772, 212, 567], [521, 779, 474, 590, 344, 218, 74], [591, 442, 561, 231, 176, 342, 445, 212], [491, 443, 598, 340, 556, 76, 209, 191, 96], [338, 571, 381, 442, 487, 76, 225, 209, 95, 176], [488, 301, 444, 208, 440, 175, 592, 45, 188, 45, 74], [183, 440, 571, 205, 487, 176, 45, 301, 377, 75, 95, 45], [299, 572, 487, 361, 113, 440, 53, 35, 203, 93, 95, 173, 76], [43, 446, 340, 568, 442, 352, 113, 30, 171, 93, 45, 75, 183, 99], [30, 425, 446, 569, 280, 150, 174, 95, 202, 45, 76, 45, 67, 357, 39], [378, 440, 567, 300, 95, 14, 73, 183, 113, 93, 115, 45, 42, 171, 45, 326], [569, 422, 112, 295, 22, 430, 150, 45, 95, 357, 45, 23, 91, 174, 76, 64, 30], [113, 567, 177, 425, 405, 377, 279, 94, 45, 89, 39, 23, 59, 45, 172, 33, 24, 34], [92, 562, 425, 445, 280, 174, 314, 73, 95, 143, 113, 36, 37, 7, 45, 36, 29, 27, 67], [95, 559, 401, 350, 113, 297, 92, 150, 30, 45, 113, 68, 39, 30, 24, 43, 32, 165, 320, 34]], "mse": [0.03241523729018539, 0.025801047475534248, 0.022010987673154143, 0.01898758215766108, 0.017598097304747064, 0.016307941516457373, 0.013866962239061337, 0.013284823436700134, 0.012084200005259943, 0.011893785388026086, 0.01087139102607902, 0.010634045830378558, 0.009935992444656492, 0.009582529786792714, 0.009473518981851852, 0.008894909825519886, 0.008738574964600456, 0.00824905061173487, 0.00813932250866052], "nmi": [0.6591040738249582, 0.6382400476031642, 0.6654245943618193, 0.6159549163214441, 0.6166562978896967, 0.5731656470078613, 0.5736268272626527, 0.5937054487374592, 0.554115313793707, 0.5729860396938591, 0.5632489010884996, 0.5378913519457953, 0.5598606069447812, 0.5418564182910323, 0.5454307768702233, 0.5390516514785446, 0.5398023768242728, 0.5368783218856805, 0.5339125434141021]}, "covertree": {"sc": [0.1944127760322729, 0.1678228227403124, 0.20238680529953534, 0.21948280496766873, 0.2205593573100255, 0.22061408588697273, 0.21974943884594458, 0.21664398364861404, 0.267047662507816, 0.27610310892557044, 0.1138642897861733, 0.28135616896250965, 0.29159752889180773, 0.3374420809877086, 0.34027064438939475, 0.3427308570782402, 0.3623969631217181, 0.39693364149527033, 0.4158558372893806], "ari": [0.08827147787691308, 0.0874161550325763, 0.125149765078493, 0.15750199374261611, 0.15650605748914043, 0.16096595998233973, 0.16169973417431913, 0.16163624951403732, 0.34379211126552583, 0.35542621510756267, 0.5642580369979487, 0.39221193469837357, 0.3899485724869835, 0.4119724719626444, 0.4027682192792149, 0.40046537636805446, 0.38319623092349453, 0.3639780201529032, 0.32521085579695236], "clusters_size": [[2148, 852], [2096, 261, 643], [1913, 242, 622, 223], [1831, 239, 614, 223, 93], [1828, 239, 612, 212, 90, 19], [1819, 238, 612, 207, 88, 19, 17], [1817, 234, 612, 207, 88, 19, 17, 6], [1817, 229, 612, 207, 87, 18, 17, 6, 7], [179, 12, 571, 15, 58, 438, 106, 654, 851, 116], [179, 12, 571, 14, 58, 438, 106, 654, 816, 114, 38], [175, 12, 111, 13, 58, 432, 103, 212, 662, 111, 33, 1078], [175, 12, 8, 13, 58, 262, 103, 203, 662, 108, 33, 614, 749], [175, 12, 8, 13, 55, 254, 103, 153, 662, 108, 33, 614, 739, 71], [173, 12, 8, 13, 55, 6, 103, 153, 656, 49, 31, 605, 565, 59, 512], [173, 12, 6, 13, 55, 6, 103, 153, 656, 46, 25, 585, 560, 59, 508, 40], [173, 12, 6, 13, 55, 6, 103, 153, 654, 46, 25, 577, 558, 59, 508, 40, 12], [26, 12, 6, 13, 54, 6, 102, 153, 602, 46, 25, 577, 558, 59, 508, 35, 12, 206], [26, 12, 6, 13, 53, 6, 6, 153, 535, 45, 25, 576, 558, 59, 508, 35, 8, 174, 202], [26, 6, 6, 10, 53, 6, 6, 153, 524, 45, 8, 454, 558, 59, 502, 33, 8, 174, 202, 167]], "mse": [0.04278170713423758, 0.04140844118000428, 0.038147995135710926, 0.03623162940576035, 0.036057152136177134, 0.03571092694954525, 0.03555803188296771, 0.035353026199032266, 0.0210632975923823, 0.020311234775534915, 0.020384881413108756, 0.01811347466615282, 0.017267319849542367, 0.016156094130032942, 0.015968783751547186, 0.01577850747629627, 0.015686349502651718, 0.014490038109643095, 0.013534363054299193], "nmi": [0.18173310648431373, 0.19068876223144837, 0.2426430391131101, 0.2686334070443929, 0.2677069149647158, 0.2708940158944407, 0.2716012589130589, 0.27243422764142383, 0.4574561873272674, 0.47892257210958644, 0.5930845832558731, 0.5478421930020287, 0.5540749795646489, 0.5723120141353025, 0.5627856168313929, 0.5620545731322387, 0.5532823388211878, 0.5457774458422469, 0.5231938893224101]},