{"hac": {"sc": [0.4409499132390292, 0.4103633896891265, 0.3786187126862752, 0.3505831182728926, 0.3352953144366153, 0.3071458263576246, 0.30458096375479615, 0.2826902660338195, 0.2614026102017646, 0.2586479745909248, 0.2549593251692147, 0.23232912399093889, 0.2616510339875381, 0.3335219433449099, 0.3158752397345094, 0.2976082441964639, 0.29513295283385144, 0.2903655864038784, 0.2819442626670445], "ari": [0.0030159716218060156, 0.0030150824135503898, 0.007380491519161559, 0.006910137035344977, 0.009925360024312572, 0.009454208990849073, 0.008983469711700985, 0.008513142246550183, 0.009339144626992955, 0.00933825519345575, 0.011168074028477528, 0.014480355026877337, 0.2403431918370146, 0.5127232890537686, 0.5127219503697532, 0.5114234998592893, 0.511800550964588, 0.5117179009343191, 0.5113944381222189], "clusters_size": [[3, 2997], [2997, 2, 1], [2993, 2, 1, 4], [2992, 2, 1, 4, 1], [2989, 2, 3, 4, 1, 1], [2988, 2, 3, 4, 1, 1, 1], [2987, 2, 3, 4, 1, 1, 1, 1], [2986, 2, 3, 4, 1, 1, 1, 1, 1], [3, 2, 2985, 4, 1, 1, 1, 1, 1, 1], [2985, 2, 2, 4, 1, 1, 1, 1, 1, 1, 1], [2983, 2, 2, 4, 1, 2, 1, 1, 1, 1, 1, 1], [2979, 2, 4, 4, 1, 2, 1, 1, 1, 1, 1, 1, 2], [2779, 2, 4, 4, 1, 2, 200, 1, 1, 1, 1, 1, 2, 1], [4, 2, 2432, 4, 1, 2, 200, 1, 1, 1, 1, 1, 2, 1, 347], [2432, 2, 200, 4, 1, 2, 347, 1, 1, 1, 1, 1, 2, 1, 3, 1], [2430, 2, 200, 2, 1, 2, 347, 4, 1, 1, 1, 1, 2, 1, 3, 1, 1], [200, 4, 2426, 2, 1, 2, 347, 4, 2, 1, 1, 1, 2, 1, 3, 1, 1, 1], [199, 4, 2426, 2, 1, 2, 347, 4, 2, 1, 1, 1, 2, 1, 3, 1, 1, 1, 1], [195, 4, 2426, 2, 4, 2, 347, 4, 2, 1, 1, 1, 2, 1, 3, 1, 1, 1, 1, 1]], "mse": [0.04552157899181553, 0.04547256469144771, 0.04522470429815723, 0.04516337973165148, 0.04503327216005814, 0.04497904990527482, 0.0449257276922114, 0.044874323380526014, 0.04483384337199759, 0.04480320758629627, 0.04474034861610461, 0.044633302631293954, 0.04023189549523448, 0.03204669308770888, 0.032019052341416915, 0.03196026186193644, 0.03185251781375123, 0.031822385512929284, 0.031706864112103876], "nmi": [0.02621200537954096, 0.02521670673829941, 0.043801649772378604, 0.041582074594181034, 0.04919083452465094, 0.0476231770570864, 0.046290832483794446, 0.045145855264220505, 0.046439370945065166, 0.0460882016937651, 0.047528835600207875, 0.05320127028916813, 0.4335237579789279, 0.6200769209791561, 0.6197202307887648, 0.6173571658848561, 0.6147405858388857, 0.613790740330571, 0.6108778335582333]}, "kmeans": {"sc": [0.36258323268796994, 0.38105336488253244, 0.40949901670751643, 0.47469657661032255, 0.5188011454171968, 0.5459097065169466, 0.5772847016807807, 0.5784900880309612, 0.5979479233825411, 0.6142427325162468, 0.6336437568381772, 0.6159055774490872, 0.6292073994975421, 0.6385792091621273, 0.6461355587408018, 0.6456336750945981, 0.6686347682281504, 0.6725147780111631, 0.6712825186625299], "ari": [0.7285222712240295, 0.8189006504022426, 0.4279589411494501, 0.3115206169692932, 0.36183635396354974, 0.3449345483750092, 0.32950668007229933, 0.31959867598679687, 0.3019061628539466, 0.29416943313339283, 0.2734788464009171, 0.2712393842635754, 0.291488488696187, 0.2637652118111007, 0.26077426091869604, 0.2537580195987291, 0.2539809535368587, 0.2505071771766802, 0.2524391453260861], "clusters_size": [[941, 2059], [2031, 435, 534], [519, 858, 421, 1202], [309, 949, 520, 444, 778], [203, 949, 405, 307, 702, 434], [308, 428, 949, 283, 701, 203, 128], [253, 702, 203, 949, 283, 307, 181, 122], [701, 949, 304, 107, 126, 253, 181, 195, 184], [945, 628, 263, 84, 283, 173, 253, 203, 46, 122], [631, 108, 173, 945, 300, 253, 141, 122, 146, 84, 97], [72, 876, 571, 169, 252, 305, 280, 173, 83, 62, 122, 35], [180, 588, 916, 108, 84, 270, 253, 36, 70, 96, 173, 122, 104], [253, 628, 140, 930, 260, 97, 84, 99, 104, 167, 38, 129, 26, 45], [252, 861, 570, 180, 264, 108, 62, 173, 96, 122, 93, 36, 69, 83, 31], [861, 224, 252, 569, 140, 169, 46, 173, 38, 69, 30, 131, 119, 83, 34, 62], [177, 861, 251, 563, 45, 119, 104, 173, 94, 168, 62, 38, 83, 90, 83, 69, 20], [875, 179, 45, 569, 89, 251, 253, 9, 93, 173, 79, 38, 81, 69, 75, 62, 26, 34], [46, 223, 876, 569, 140, 252, 100, 26, 38, 168, 61, 34, 73, 109, 83, 10, 45, 37, 110], [100, 547, 861, 252, 223, 179, 83, 90, 35, 172, 27, 93, 68, 62, 44, 28, 10, 38, 26, 62]], "mse": [0.03413780648302266, 0.02851590382017112, 0.022339294135761554, 0.018773525171870212, 0.015367315255313357, 0.01386898938581239, 0.012743092779064857, 0.012045780601937344, 0.011288745500702526, 0.010367497395034604, 0.010048003877315526, 0.009377512517881223, 0.009162361057132879, 0.008391540044952068, 0.008168174111228032, 0.007693068624061594, 0.0074699286967614825, 0.007125745644583231, 0.006816534924336485], "nmi": [0.6002140971939322, 0.6966145047567256, 0.5731039843589848, 0.5243325244043827, 0.6461496481562281, 0.6236625810169961, 0.6174007692109573, 0.5958407165951971, 0.5965756792370869, 0.5872682974018473, 0.5761710719199481, 0.5701567297342363, 0.5744206690058752, 0.5651551277294022, 0.559644226336563, 0.5526128422486374, 0.54495137923755, 0.542493301838029, 0.5566490890647219]}, "covertree": {"sc": [0.2671016483068463, 0.24372260475042212, 0.28155964821181395, 0.28136595236097955, 0.27956235503858445, 0.2757777879683685, 0.2719128606855366, 0.2784075309817275, 0.2436991825253642, 0.25936436414489317, 0.25502148050175666, 0.26836944742175434, 0.23081069401143614, 0.24715302757947924, 0.31788359430432583, 0.31989004432330215, 0.32059630231563135, 0.3221551832489507, 0.34935900982729756], "ari": [0.21803353672631584, 0.220309672064606, 0.46727177672417414, 0.4955773010012419, 0.49420343049390364, 0.5309653913545237, 0.5391935427383729, 0.5667788328498566, 0.39901704087842443, 0.40197121928935503, 0.39810319532817556, 0.3242755021565638, 0.3184336419126775, 0.2769347459392953, 0.2610062956250252, 0.26041825163072085, 0.25558808685929335, 0.25424166822800104, 0.2675739780775513], "clusters_size": [[2756, 244], [2750, 244, 6], [2487, 232, 4, 277], [2459, 231, 4, 260, 46], [2457, 231, 4, 260, 46, 2], [2417, 231, 4, 260, 41, 2, 45], [2409, 200, 4, 260, 41, 2, 43, 41], [2377, 197, 4, 260, 41, 2, 43, 41, 35], [409, 49, 363, 16, 127, 83, 243, 172, 300, 1238], [409, 49, 362, 16, 127, 83, 243, 172, 270, 1237, 32], [409, 23, 362, 16, 125, 78, 240, 163, 252, 1235, 32, 65], [57, 22, 139, 10, 98, 78, 238, 69, 245, 1189, 2, 64, 789], [57, 22, 139, 10, 2, 78, 164, 69, 245, 1189, 2, 46, 763, 214], [57, 22, 137, 10, 2, 78, 164, 58, 245, 1108, 2, 46, 760, 213, 98], [52, 22, 135, 10, 2, 11, 2, 58, 245, 1017, 2, 44, 760, 140, 90, 410], [52, 22, 135, 10, 2, 11, 2, 58, 245, 1013, 2, 44, 750, 140, 90, 410, 14], [52, 22, 134, 10, 2, 11, 2, 58, 245, 1003, 2, 44, 750, 140, 89, 409, 14, 13], [52, 22, 134, 10, 2, 11, 2, 58, 245, 1003, 2, 44, 750, 140, 88, 401, 14, 13, 9], [52, 22, 127, 10, 2, 11, 2, 58, 245, 1003, 2, 44, 609, 140, 88, 401, 10, 13, 9, 152]], "mse": [0.04260760529227522, 0.04248565290643684, 0.037759806252315585, 0.03662777713707317, 0.036548049247001585, 0.034992535416589726, 0.034051284251445345, 0.033195293236893346, 0.01943622663776202, 0.01823248430335953, 0.018172569509822715, 0.020836104781864515, 0.020975265772608907, 0.01994316457173971, 0.0186572005042786, 0.01851187338070647, 0.018322265646011804, 0.01815832406331772, 0.015960480503887767], "nmi": [0.19277304199893355, 0.19106656283171305, 0.36826881629654684, 0.38894286705135717, 0.3874978792836601, 0.4106582575547386, 0.4187805845615182, 0.42891539566887515, 0.5269509826680552, 0.5440557497174175, 0.5383361047330291, 0.4623308509369082, 0.4339868343845917, 0.41497894932726964, 0.44171238647572986, 0.43936715971506274, 0.4370077972626376, 0.43557546785465107, 0.45148122094907245]},