{"vec_stat": [[0.0009500844089780957, 0.0036832198518117498, 0.0016405435846932102, 0.0010289286814388944, 0.0008063913671521086, 0.0007372458357697434, 0.0011522276101584579, 0.0008808406685671924, 0.0007334508269887155, 0.0006940125922157225, 0.00048362612053509923, 0.0006028504043126674, 0.0004859000000000002, 0.0, 1.3e-05], [0.07550480731167444, 0.25528922217322014, 0.11838252190674627, 0.07548105145410515, 0.059126300414382854, 0.053937708561049416, 0.07910934668981959, 0.06367784547194123, 0.05356379354161224, 0.05091434431442382, 0.037821629430423345, 0.04697512623539987, 0.03904185, 0.0, 0.001293], [1.3312980692375085, 2.2547462685868203, 1.5148925683670424, 1.1596194477402464, 0.9905042951747428, 0.9083581056288326, 1.0102689762101098, 0.9396731101651871, 0.8718161980047243, 0.8323041733655534, 0.7721130144807599, 0.7799149770889484, 0.73717, 0.0, 0.017722], [2.2229808162225506, 2.740135812121214, 2.2167318690251414, 1.9117360532579566, 1.754018115621433, 1.6611331325594372, 1.6054242919687052, 1.52774899765688, 1.4706816000525198, 1.436013428008147, 1.3778973159564225, 1.2851273625336903, 1.1249193999999998, 0.0, 0.0], [2.2677489892844336, 2.7537947974425108, 2.2449961011137534, 1.9479451305676598, 1.7952126543125921, 1.7026054568549724, 1.633401369263678, 1.5556578722612218, 1.5065157778419276, 1.473360308064221, 1.411243419390517, 1.3150150817609843, 1.20904075, 0.0, 0.0]], "jac_stat": [531157227, 5562142, 4099742, 1938135, 949119, 306119, 46070, 25607, 19045, 7862, 7251, 2226, 20, 0, 1]}