{
 "gof": {
  "amazon_distance": {
   "gaussian": [
    3.0612312621373227e+19,
    24040001970614.04,
    785724831422418.0,
    3.0116401232226556e+16,
    8.66911608486753e+16,
    1.0374686694001085e+17
   ],
   "chi": [
    1.3537845763622401e+35,
    4.9608837662358286e+53,
    1.544509770132431e+55,
    2.3828807579117772e+53,
    2.0153558104792443e+52,
    1.984110031279014e+52
   ],
   "chi2": [
    7.5141727037813875e+53,
    2.11831208510068e+63,
    3.411232561186749e+63,
    4.134913082190635e+61,
    3.331333993538372e+60,
    3.250810169417341e+60
   ],
   "f": [
    105064549.61121666,
    611028134.3381317,
    1612442606.143942,
    2482497856.7192335,
    2941910122.938341,
    3062000925.6862006
   ]
  },
  "yelp_distance": {
   "gaussian": [
    2803547687250.616,
    9418463593190.611,
    1.6210256684294966e+17,
    1.8011397123158904e+16,
    1.6210256656817363e+17,
    1.6210256656726442e+17
   ],
   "chi": [
    2.2115530726673105e+20,
    1.8195280262702642e+20,
    1.021517183383003e+19,
    1.0848143019413567e+19,
    1.353927103133541e+19,
    1.3538899630404364e+19
   ],
   "chi2": [
    4.033285468010948e+19,
    3.343338265851011e+18,
    1.4391828012004986e+17,
    1.4144290637863242e+17,
    1.837774195026655e+17,
    1.8378964351921146e+17
   ],
   "f": [
    132116955.62842023,
    913148990.7096515,
    1808111884.2426376,
    1817092362.9655037,
    1843352129.5434031,
    1842399204.0377498
   ]
  }
 },
 "chi2": {
  "amazon_distance": 56.81298069395646,
  "yelp_distance": 8.897197942077216
 }
}