{
    "original_data_path":"/data/rec_dataset/",
    "processed_data_path":"/data/rec_dataset/yelp/processed/",
    "data_file_name":"/data/rec_dataset/amazon/amazon_user_business_line.json",
    "cate_file_name":"/data/rec_dataset/yelp/processed/category/aliasToParents.csv",
    "business_file_name": "/data/rec_dataset/amazon/amazon_business_category_line.json",
    "insert_cost": 1,
    "delete_cost": 1,
    "substitution": 1,
    "sigma": 0.00001,
    "mean": [6.030809230486884e-05, 0.00025434801164416604, 1.0964912280701755e-07, 9.244509635194251e-07, 2.076894126071492e-05, 2.11019985514627e-06, 4.4661319707161364e-05, 0.0, 2.1646983839080133e-06, 3.047226332756407e-06, 1.1947943145956294e-06, 6.918173968151853e-06, 5.811303914947692e-07, 3.0575521583312975e-06, 2.141523053249648e-08, 1.3365940499369226e-06, 3.071426188781132e-06, 3.7185705337009e-06, 8.482044503194535e-06, 6.775067750677508e-07, 9.727157473286567e-06, 0.0],
    "rbf_sigma": 1.0,
    "edit_top_level": 5,
    "vec_top_level": 5,
    "eps": 0.01,
    "min_samples": 20
}